"idlowongan","namalowongan","deskripsi_loker","kategorilokasi","gaji_awal","gaji_akhir","status_loker","kuota","idkategori_loker","kategori_loker"
"13","Admin Proyek","<p><strong>Tanggung Jawab Pekerjaan:</strong></p><ul><li>Memberikan dukungan administratif kepada tim proyek untuk memastikan pelaksanaan berjalan lancar;</li><li>Membuat sales order;</li><li>Memelihara dan memperbarui dokumentasi proyek, jadwal, serta laporan;</li><li>Mengkoordinasikan rapat, mengelola jadwal, serta menangani komunikasi terkait proyek;</li><li>Memantau timeline proyek serta mengidentifikasi potensi risiko atau keterlambatan;</li><li>Berkolaborasi dengan tim lintas fungsi untuk mencapai tujuan proyek.</li></ul><p><strong>Kualifikasi Pekerjaan:</strong></p><ul><li>Minimal lulusan S1 dari semua jurusan (diutamakan Manajemen, Bisnis, atau Keuangan);</li><li>Wajib fasih berbahasa Mandarin (lisan dan tulisan) dan mampu menggunakannya sebagai bahasa kerja;</li><li>Menguasai Microsoft Office (Excel, PowerPoint, dan Word);</li><li>Memiliki minat di bidang branding, administrasi pemasaran, dan komunikasi publik;</li><li>Memiliki kemampuan manajemen, manajemen waktu, serta jiwa kepemimpinan yang baik;</li><li>Memiliki kemampuan komunikasi yang baik, mampu multitasking, serta berkepribadian terbuka;</li><li>Bersedia melakukan perjalanan dinas;</li><li>Terampil menggunakan Microsoft Office (Excel, Word, dan PowerPoint).</li></ul>","Dalam Negeri","6000000","7500000","1","20","71","Administrative Staff"
"14","Staf Penjualan / Merchandiser","<p><strong>Tanggung Jawab Pekerjaan:</strong></p><ul><li>Mengembangkan pelanggan baru sekaligus menjaga hubungan dengan pelanggan yang sudah ada untuk meningkatkan kepuasan dan loyalitas;</li><li>Bertanggung jawab atas analisis kebutuhan sampel, pengembangan desain, serta pengelolaan penawaran harga;</li><li>Mengawasi pelaksanaan produksi dan mengendalikan seluruh proses pesanan;</li><li>Mengoordinasikan jadwal produksi;</li><li>Melakukan evaluasi terhadap standar pengujian produk;</li><li>Memantau dan menelusuri perkembangan pesanan;</li><li>Menjaga komunikasi yang efektif dengan tim internal dan pelanggan.</li></ul><p><strong>Kualifikasi Pekerjaan:</strong></p><ul><li>Fasih berbahasa Mandarin, Inggris, dan Indonesia, baik lisan maupun tulisan;</li><li>Memiliki kemampuan administrasi dan tindak lanjut pesanan yang baik;</li><li>Mampu bekerja secara teliti serta menangani banyak tugas (multitasking);</li><li>Terbuka untuk lulusan baru (fresh graduate);</li><li>Memiliki pengalaman di bidang penjualan, merchandising, penanganan pelanggan, atau manajemen pesanan menjadi nilai tambah.</li></ul>","Dalam Negeri","15000000","20000000","1","10","21","Sales / Account Executive"
"15","Marketing","<ul><li>Memiliki pemahaman yang baik mengenai wilayah Jakarta, Bandung, dan sekitarnya, dengan fokus pada pengembangan kerja sama dengan pabrik pemintalan kapas dan pabrik benang, membangun basis data pelanggan, serta mengembangkan dan menjaga hubungan yang kuat dengan klien;</li><li>Mengemudikan kendaraan perusahaan untuk mendampingi manajer dan engineer dari Tiongkok saat mengunjungi pelanggan, memberikan dukungan koordinasi dengan pelanggan, serta membantu mencapai target penjualan perusahaan;</li><li>Wajib memiliki SIM yang masih berlaku dan mampu mengemudi dengan baik;</li><li>Mengenal wilayah Jakarta, Bandung, serta kawasan industri di sekitarnya;</li><li>Memiliki kemampuan komunikasi bisnis dan koordinasi yang baik;</li><li>Fasih berbahasa Mandarin (lisan dan tulisan);</li><li>Memiliki minat dan semangat di bidang penjualan dan pemasaran;</li><li>Mampu bekerja secara efektif dalam tim;</li><li>Diutamakan memiliki pengetahuan di industri tekstil.</li></ul>","Dalam Negeri","10000000","15000000","1","20","20","Marketing Executive"
"16","Pemasaran Penjualan","<p><strong>Tanggung Jawab Pekerjaan:</strong></p><ul><li>Mengidentifikasi dan mengembangkan peluang bisnis baru di pasar yang ditargetkan;</li><li>Membangun, menjaga, dan memperkuat hubungan jangka panjang dengan pelanggan serta mitra bisnis;</li><li>Melakukan riset pasar dan analisis kompetitor untuk memahami kebutuhan pelanggan;</li><li>Mempresentasikan produk, solusi, dan layanan terkait mesin kepada calon pelanggan;</li><li>Berkoordinasi dengan tim teknis dan engineering untuk memastikan kebutuhan pelanggan terpenuhi;</li><li>Menyusun penawaran harga (quotation), proposal, serta laporan penjualan;</li><li>Menindaklanjuti pertanyaan pelanggan, proses negosiasi, serta memberikan dukungan purna jual;</li><li>Mendukung strategi penjualan untuk mencapai target pendapatan perusahaan;</li><li>Melakukan kunjungan rutin ke pelanggan dan lokasi industri untuk memahami penggunaan mesin serta kebutuhan operasional.</li></ul><p><strong>Kualifikasi Pekerjaan:</strong></p><ul><li>Minimal lulusan S1 di bidang Pemasaran, Bisnis, Teknik, Teknik Mesin, Teknik Industri, atau bidang terkait;</li><li>Memiliki pengalaman di bidang penjualan dan pemasaran lebih diutamakan;</li><li>Memahami mesin industri atau permesinan menjadi nilai tambah;</li><li>Memiliki kemampuan komunikasi, negosiasi, dan presentasi yang baik;</li><li>Berorientasi pada target serta mampu bekerja secara mandiri maupun dalam tim;</li><li>Memiliki kemampuan pemecahan masalah dan penanganan pelanggan yang baik;</li><li>Memahami konsep penjualan B2B dan pengelolaan pelanggan industri menjadi nilai tambah;</li><li>Bersedia melakukan perjalanan dinas untuk kunjungan pelanggan dan pengembangan bisnis.</li></ul>","Dalam Negeri","4000000","10000000","1","10","21","Sales / Account Executive"
"17","Teknisi Mesin","<p><strong>Tanggung Jawab Pekerjaan:</strong></p><p>Memahami serta menangani permasalahan mesin mekanik dan kelistrikan, khususnya yang berkaitan dengan:</p><ul><li>Genset diesel.</li><li>Unit generator gas.</li><li>Sistem pompa tenaga.</li><li>Peralatan tenaga kelautan.</li><li>Sistem kontrol otomatis.</li></ul><ol><li>Melakukan instalasi, inspeksi, perawatan preventif, serta perbaikan mesin dan komponen kelistrikan;</li><li>Mendiagnosis kerusakan pada mesin, generator, pompa, dan panel kontrol;</li><li>Membantu proses pengujian mesin, commissioning, serta pengecekan operasional sebelum pengiriman atau pemasangan;</li><li>Memantau kinerja mesin untuk memastikan operasi yang stabil, aman, dan efisien;</li><li>Bekerja sama dengan tim engineer dan service untuk menyelesaikan permasalahan teknis;</li><li>Menyusun laporan servis, catatan perawatan, serta penggunaan suku cadang;</li><li>Mendukung penanganan gangguan darurat di lokasi pelanggan bila diperlukan.</li></ol><p><strong>Kualifikasi Pekerjaan:</strong></p><p>Minimal lulusan S1 atau D3 di bidang:</p><ul><li>Teknik Mesin.</li><li>Teknik Elektro.</li><li>Mekatronika.</li><li>Teknik Industri.</li><li>Atau bidang teknis terkait.</li></ul><p>Memiliki pemahaman yang baik mengenai mesin dan troubleshooting kelistrikan;<br>Familiar dengan:</p><ul><li>Mesin diesel.</li><li>Sistem generator.</li><li>Sistem pompa.</li><li>PLC / panel kontrol.</li><li>Sistem kelistrikan industri.</li></ul><ol><li>Diutamakan memiliki pengalaman di bidang generator, alat berat, manufaktur, kelautan, atau mesin industri;</li><li>Mampu membaca gambar teknik, diagram kelistrikan, serta manual mesin;</li><li>Memiliki kemampuan analisis dan pemecahan masalah yang baik;</li><li>Bersedia melakukan perjalanan dinas untuk perawatan di lokasi dan dukungan pelanggan;</li><li>Mampu bekerja secara mandiri maupun dalam tim.</li></ol>","Dalam Negeri","4000000","7000000","1","15","37","Mechanical Engineer"
"18","Manajer Pemasaran","<p><strong>Tanggung Jawab Pekerjaan:</strong></p><ul><li>Menyusun dan melaksanakan strategi penjualan untuk mencapai target pendapatan dan pertumbuhan perusahaan;</li><li>Memimpin, mengawasi, dan memotivasi tim penjualan guna memaksimalkan kinerja;</li><li>Membangun dan menjaga hubungan yang kuat dengan pelanggan yang sudah ada maupun calon pelanggan;</li><li>Menangani keluhan pelanggan secara profesional serta memberikan solusi yang efektif;</li><li>Mengidentifikasi peluang bisnis baru dan memperluas cakupan pasar;</li><li>Memantau aktivitas kompetitor serta tren pasar di industri pompa air;</li><li>Menyusun laporan penjualan, proyeksi, serta evaluasi kinerja secara berkala;</li><li>Berkoordinasi dengan tim internal untuk memastikan pelayanan pelanggan dan pemenuhan pesanan berjalan dengan baik;</li><li>Bersedia melakukan perjalanan dinas dan penugasan ke luar kota sesuai kebutuhan perusahaan.</li></ul><p><strong>Kualifikasi Pekerjaan:</strong></p><ul><li>Usia maksimal 40 tahun;</li><li>Minimal lulusan S1 dari semua jurusan;</li><li>Memiliki pengalaman minimal 3 tahun di bidang penjualan, diutamakan di industri pompa air atau peralatan industri;</li><li>Memahami produk pompa air serta proses penjualan dengan baik;</li><li>Memiliki rekam jejak dalam mencapai target penjualan;</li><li>Berpengalaman dalam menangani keluhan pelanggan dan layanan purna jual;</li><li>Memiliki kemampuan kepemimpinan, negosiasi, dan komunikasi yang baik;</li><li>Mampu bekerja di bawah tekanan dan berorientasi pada target;</li><li>Bersedia ditempatkan dan melakukan perjalanan dinas ke luar kota.</li></ul>","Dalam Negeri","8000000","15000000","1","2","21","Sales / Account Executive"
"19","Pemasaran Domestik","<p><strong>Tanggung Jawab Pekerjaan:</strong></p><ul><li>Menyusun dan melaksanakan strategi penjualan domestik untuk mencapai target pendapatan dan pertumbuhan perusahaan;</li><li>Memimpin, mengawasi, dan memotivasi tim penjualan guna memaksimalkan kinerja;</li><li>Membangun dan menjaga hubungan yang kuat dengan pelanggan yang sudah ada maupun calon pelanggan di dalam negeri;</li><li>Menangani keluhan pelanggan secara profesional serta memberikan solusi yang efektif;</li><li>Mengidentifikasi peluang bisnis baru dan memperluas cakupan pasar domestik;</li><li>Memantau aktivitas kompetitor serta tren pasar di industri pompa air;</li><li>Menyusun laporan penjualan, proyeksi, dan evaluasi kinerja secara berkala;</li><li>Berkoordinasi dengan tim internal untuk memastikan pelayanan pelanggan dan pemenuhan pesanan berjalan optimal;</li><li>Bersedia melakukan perjalanan dinas dan penugasan ke luar kota sesuai kebutuhan perusahaan.</li></ul><p><strong>Kualifikasi Pekerjaan:</strong></p><ul><li>Usia maksimal 40 tahun;</li><li>Minimal lulusan S1 dari semua jurusan;</li><li>Memiliki pengalaman minimal 3 tahun di bidang penjualan, diutamakan di industri pompa air atau peralatan industri;</li><li>Memahami produk pompa air serta proses penjualan dengan baik;</li><li>Memiliki rekam jejak dalam mencapai target penjualan;</li><li>Berpengalaman dalam menangani keluhan pelanggan dan layanan purna jual;</li><li>Memiliki kemampuan kepemimpinan, negosiasi, dan komunikasi yang baik;</li><li>Mampu bekerja di bawah tekanan dan berorientasi pada target;</li><li>Bersedia ditempatkan dan melakukan perjalanan dinas ke luar kota.</li></ul>","Dalam Negeri","5000000","10000000","1","2","21","Sales / Account Executive"
"20","Industri Pemasaran","<p><strong>Tanggung Jawab Pekerjaan:</strong></p><ul><li>Menyusun dan melaksanakan strategi penjualan untuk mencapai target pendapatan dan pertumbuhan perusahaan;</li><li>Memimpin, mengawasi, dan memotivasi tim penjualan untuk memaksimalkan kinerja;</li><li>Membangun dan menjaga hubungan yang kuat dengan pelanggan yang sudah ada maupun calon pelanggan;</li><li>Menangani keluhan pelanggan secara profesional serta memberikan solusi yang efektif;</li><li>Mengidentifikasi peluang bisnis baru dan memperluas cakupan pasar;</li><li>Memantau aktivitas kompetitor serta tren pasar di industri pompa air;</li><li>Menyusun laporan penjualan, proyeksi, dan evaluasi kinerja secara berkala;</li><li>Berkoordinasi dengan tim internal untuk memastikan pelayanan pelanggan dan pemenuhan pesanan berjalan dengan baik;</li><li>Bersedia melakukan perjalanan dinas dan penugasan ke luar kota sesuai kebutuhan perusahaan.</li></ul><p><strong>Kualifikasi Pekerjaan:</strong></p><ul><li>Usia maksimal 40 tahun;</li><li>Minimal lulusan S1 dari semua jurusan;</li><li>Memiliki pengalaman minimal 3 tahun di bidang penjualan, diutamakan di industri pompa air atau peralatan industri;</li><li>Memahami produk pompa air serta proses penjualan dengan baik;</li><li>Memiliki rekam jejak dalam mencapai target penjualan;</li><li>Berpengalaman dalam menangani keluhan pelanggan dan layanan purna jual;</li><li>Memiliki kemampuan kepemimpinan, negosiasi, dan komunikasi yang baik;</li><li>Mampu bekerja di bawah tekanan dan berorientasi pada target;</li><li>Bersedia ditempatkan dan melakukan perjalanan dinas ke luar kota.</li></ul>","Dalam Negeri","8000000","10000000","1","2","21","Sales / Account Executive"
"21","Spesialis Pajak","<p><strong>Kualifikasi Pekerjaan:</strong></p><ul><li>Membantu perusahaan dalam pengelolaan kepatuhan pajak di Indonesia, memastikan pelaporan pajak dilakukan secara tepat waktu dan akurat;</li><li>Bertanggung jawab atas perhitungan dan pelaporan berbagai jenis pajak perusahaan (seperti PPh 21, PPh 23, PPN, PPh Badan, dan lainnya);</li><li>Memantau perubahan kebijakan perpajakan di Indonesia, menganalisis dampaknya terhadap operasional perusahaan, serta memberikan rekomendasi kepatuhan;</li><li>Mendukung proses pemeriksaan pajak, pengembalian pajak, serta komunikasi dan koordinasi dengan otoritas pajak;</li><li>Menyiapkan data dan laporan perpajakan sesuai dengan kebutuhan kantor pusat dan audit eksternal;</li><li>Mengelola pengarsipan dokumen pajak agar lengkap dan terstandarisasi;</li><li>Menyelesaikan tugas-tugas lain yang berkaitan dengan perpajakan sesuai arahan pimpinan.</li></ul><p><strong>Persyaratan Pekerjaan:</strong></p><ul><li>Minimal lulusan S1 di bidang keuangan, akuntansi, perpajakan, atau bidang terkait;</li><li>Memahami peraturan dan prosedur perpajakan di Indonesia serta memiliki pengalaman praktis dalam pelaporan pajak;</li><li>Menguasai Excel dan perangkat lunak keuangan, serta memiliki kemampuan pengolahan data yang baik;</li><li>Mahir berbahasa Indonesia atau Inggris, serta diutamakan memiliki kemampuan komunikasi bilingual (Mandarin dan India);</li><li>Teliti, bertanggung jawab, serta memiliki kemampuan komunikasi, koordinasi, dan ketahanan terhadap tekanan yang baik;</li><li>Diutamakan memiliki pengalaman di bidang perpajakan Indonesia, khususnya pada perusahaan investasi Tiongkok atau kantor akuntan.</li></ul>","Dalam Negeri","10000000","14000000","1","2","17","Tax Specialist"
"22","Spesialis Administrasi","<p><strong>Tanggung Jawab Pekerjaan:</strong></p><ul><li>Bertanggung jawab atas koordinasi dan pelaksanaan kegiatan administrasi harian perusahaan, seperti pengadaan perlengkapan kantor, pengelolaan aset tetap, serta pengarsipan dokumen;</li><li>Membantu tugas administrasi kepegawaian dasar, termasuk proses masuk dan keluar karyawan, rekapitulasi kehadiran, serta pemeliharaan data karyawan;</li><li>Menyelesaikan tugas-tugas lain yang berkaitan sesuai arahan pimpinan.</li></ul><p><strong>Kualifikasi Pekerjaan:</strong></p><ul><li>Minimal lulusan Diploma atau Sarjana, diutamakan dari bidang administrasi, sumber daya manusia, sekretaris, atau bidang terkait;</li><li>Teliti, cermat, memiliki kemampuan komunikasi yang baik, rasa tanggung jawab tinggi, serta orientasi pelayanan yang kuat;</li><li>Menguasai perangkat lunak perkantoran (Word, Excel, PowerPoint, dan lain-lain).</li></ul>","Dalam Negeri","7000000","8000000","1","2","71","Administrative Staff"
"23","Spesialis Urusan Hukum","<p><strong>Tanggung Jawab Pekerjaan:</strong></p><ol><li><strong>Manajemen Siklus Kontrak Penuh</strong> – Menyusun dan meninjau kontrak utama seperti sewa peralatan, konstruksi, subkontrak, dan pengadaan;<br>Berpartisipasi dalam negosiasi kontrak penting, menetapkan klausul pengendalian risiko; membangun mekanisme pemantauan pelaksanaan kontrak, serta memberikan peringatan dini terhadap risiko wanprestasi.</li><li><strong>Pencegahan Risiko dan Kepatuhan</strong> – Mengidentifikasi risiko hukum dalam aspek keselamatan konstruksi, operasional peralatan, perlindungan lingkungan, ketenagakerjaan, dan lainnya;<br>Menyusun sistem kepatuhan (seperti regulasi keselamatan kerja dan standar pengelolaan peralatan khusus); menyelenggarakan pelatihan kepatuhan; serta menanggapi inspeksi dari otoritas pemerintah.</li><li><strong>Penyelesaian Sengketa</strong> – Memimpin penagihan pembayaran proyek/sewa, negosiasi kecelakaan kerja, serta klaim asuransi;<br>Mengelola perkara litigasi/arbitrase (seperti sengketa kontrak konstruksi dan tanggung jawab perdata), meminimalkan kerugian, dan menjaga reputasi perusahaan.</li><li><strong>Dukungan Proyek Utama</strong> – Berpartisipasi dalam peninjauan hukum dokumen tender dan uji tuntas proyek; memberikan analisis kelayakan hukum untuk kegiatan seperti merger &amp; akuisisi, pembiayaan sewa (leasing), dan bisnis lainnya.</li><li><strong>Dukungan Hukum Harian</strong> – Meninjau peraturan perusahaan, korespondensi eksternal, serta memberikan konsultasi hukum kepada departemen terkait; memastikan kepatuhan hukum atas dokumen internal perusahaan.</li><li><strong>Manajemen Risiko dan Kepatuhan</strong> – Mengembangkan dan mengimplementasikan sistem kepatuhan untuk memastikan operasional perusahaan sesuai dengan regulasi industri (seperti lingkungan, peralatan khusus, keselamatan kerja, ketenagakerjaan, dan keamanan data); menyelenggarakan pelatihan kepatuhan;<br>Menangani insiden keselamatan dengan memahami prosedur pelaporan, investigasi, dan penanganannya, serta terlibat dalam tindak lanjut (termasuk kemungkinan litigasi/arbitrase).</li><li><strong>Hukum Ketenagakerjaan</strong> – Memahami Undang-Undang Ketenagakerjaan, Undang-Undang Perjanjian Kerja, serta peraturan pelaksanaannya; mampu menangani isu ketenagakerjaan yang kompleks (seperti tenaga kerja berbasis proyek, outsourcing, tenaga kerja alih daya, serta kualifikasi tenaga kerja khusus), termasuk pengakuan dan kompensasi kecelakaan kerja serta sengketa ketenagakerjaan (arbitrase/litigasi).</li></ol>","Dalam Negeri","10000000","13000000","1","2","84","Legal Counsel / Lawyer"
"24","Spesialis Penjualan / Pembelian","<p><strong>Kualifikasi Pekerjaan:</strong></p><ul><li>Mahir menggunakan bahasa Mandarin dan Bahasa Indonesia sebagai bahasa kerja;</li><li>Berusia 25–35 tahun, memiliki pengalaman di bidang pembelian, serta memiliki motivasi tinggi, bertanggung jawab, dan proaktif;</li><li>Mampu mengikuti arahan atasan, melakukan tindak lanjut secara cepat, serta melaporkan perkembangan pekerjaan secara berkala.</li></ul><p><strong>Tanggung Jawab Pekerjaan:</strong></p><ul><li>Menjalin komunikasi dengan pemasok dan pelanggan, memantau secara ketat status pengiriman suku cadang, serta menangani permintaan suku cadang dengan cepat;</li><li>Melakukan pembelian dan pengadaan suku cadang secara proaktif berdasarkan kondisi stok di gudang.</li></ul>","Dalam Negeri","8000000","12000000","1","3","21","Sales / Account Executive"
"25","Spesialis Sumber Daya Manusia","<p><strong>Tanggung Jawab Pekerjaan:</strong></p><ul><li><strong>Implementasi Sistem Manajemen SDM</strong> – Membantu dalam penyusunan dan pengawasan pelaksanaan sistem manajemen sumber daya manusia perusahaan (seperti rekrutmen, onboarding, offboarding, manajemen kinerja, pelatihan, kehadiran, dan lain-lain);</li><li><strong>Rekrutmen dan Penempatan</strong> – Mengelola proses rekrutmen, melakukan seleksi CV, menjadwalkan wawancara, serta mengoptimalkan kanal rekrutmen sesuai kebutuhan departemen guna memastikan posisi terisi tepat waktu;</li><li><strong>Manajemen Hubungan Karyawan</strong> – Mengelola proses masuk karyawan, masa percobaan, penandatanganan kontrak, hingga proses keluar; serta menangani perselisihan tenaga kerja, keluhan karyawan, dan isu kepegawaian lainnya;</li><li><strong>Manajemen Kehadiran dan Kompensasi</strong> – Bertanggung jawab atas pemeriksaan awal dan perhitungan data kehadiran, rekap cuti, serta data kompensasi karyawan;</li><li><strong>Manajemen Kinerja</strong> – Bekerja sama dengan atasan dalam pengelolaan penilaian kinerja, mengumpulkan data evaluasi, mengoordinasikan rapat penilaian, serta memberikan umpan balik hasil penilaian;</li><li><strong>Pelatihan dan Pengembangan</strong> – Membantu pelaksanaan pelatihan karyawan baru, pelatihan kerja, serta sosialisasi budaya perusahaan, serta mendukung implementasi rencana pengembangan karyawan;</li><li><strong>Pengelolaan Data dan Arsip Karyawan</strong> – Menyusun dan menyempurnakan file personalia karyawan, serta memperbarui dan memelihara sistem data SDM secara berkala (seperti sistem HR/DingTalk/ERP);</li><li>Melaksanakan tugas-tugas kepegawaian lainnya sesuai arahan pimpinan.</li><li><strong>Kualifikasi Pekerjaan:</strong></li><li><strong>Pendidikan</strong> – Diutamakan lulusan di bidang Manajemen Sumber Daya Manusia, Administrasi Publik, Psikologi, Manajemen Bisnis, atau bidang terkait;</li><li><strong>Pengalaman Kerja</strong> – Minimal 2 tahun pengalaman di bidang HR, diutamakan memiliki pengalaman di industri manufaktur, teknik, atau perusahaan penanaman modal asing;</li><li><strong>Pengetahuan dan Keterampilan</strong> – Memahami hukum ketenagakerjaan serta kebijakan dan regulasi terkait; menguasai perangkat lunak perkantoran dan sistem SDM (seperti Excel PivotTable dan operasional backend DingTalk); memiliki kemampuan analisis data dan pemecahan masalah yang baik;</li><li><strong>Kualifikasi Umum</strong> – Memiliki kemampuan komunikasi dan koordinasi yang baik, bertanggung jawab, mampu bekerja di bawah tekanan; memiliki integritas dan menjaga kerahasiaan; memiliki semangat kerja tim serta kemampuan kepemimpinan yang baik.</li></ul>","Dalam Negeri","6000000","8000000","1","3","68","Recruiter / Talent Acquisition"
"26","Spesialis Peralatan","<p><strong>Tanggung Jawab Pekerjaan:</strong></p><ul><li>Melakukan pengumpulan dan verifikasi data peralatan untuk menyusun laporan dan basis data yang terstruktur,</li><li>Memperbarui data jumlah kendaraan secara berkala, memverifikasi aset proyek serta aset dalam perjalanan, menentukan status operasional kendaraan perusahaan, serta</li><li>Memastikan kesesuaian antara data administrasi dan kondisi aktual terkait jumlah peralatan di proyek maupun departemen.</li></ul><p><strong>Kualifikasi Pekerjaan:</strong></p><ul><li>Menguasai perangkat lunak perkantoran (Word, Excel) serta memiliki kemampuan analisis data yang memadai;</li><li>Diutamakan memiliki latar belakang pendidikan di bidang mekanik atau teknik, atau pengalaman kerja yang relevan.</li></ul>","Dalam Negeri","6000000","8000000","1","2","80","Quality Control (QC) Inspector"
"27","Asisten Supervisor Pabrik","<ul><li>Membantu dalam pelaksanaan rencana produksi, melakukan inspeksi langsung terhadap proses dan keselamatan kerja, serta segera melaporkan setiap penyimpangan dalam produksi.</li><li>Bertanggung jawab atas kehadiran karyawan, pengelolaan 5S di area kerja, pemantauan persediaan material, serta penyusunan laporan terkait produksi.</li><li>Berkolaborasi dengan tim kualitas dan manajemen peralatan, memastikan komunikasi antar departemen berjalan efektif, serta mengawasi kegiatan di lapangan saat supervisor tidak berada di tempat.</li></ul>","Dalam Negeri","6000000","8000000","1","2","70","Personal Assistant / Secretary"
"28","Tenaga Teknis (Technical Staff)","<h4><strong>Job Description &amp; Responsibilities</strong></h4><ul><li>Melakukan pekerjaan teknis sesuai bidang (pengelasan, mesin perkakas, kelistrikan, perpipaan, dan fabrikasi lembaran logam).</li><li>Mengoperasikan peralatan kerja seperti mesin las, mesin bubut/frais, alat listrik, dan alat perpipaan.</li><li>Membaca dan memahami gambar teknik atau diagram kerja sebelum pelaksanaan tugas.</li><li>Melakukan instalasi, perbaikan, dan perawatan peralatan/mesin/sistem sesuai kebutuhan.</li><li>Memastikan hasil pekerjaan sesuai standar kualitas dan spesifikasi yang ditentukan.</li><li>Mengidentifikasi masalah teknis dan melakukan troubleshooting secara efektif.</li><li>Menjaga kondisi alat kerja agar tetap optimal dan siap digunakan.</li><li>Menerapkan prosedur keselamatan dan kesehatan kerja (K3) di lingkungan kerja.</li><li>Berkoordinasi dengan tim untuk kelancaran proses kerja dan penyelesaian proyek.</li><li>Melaporkan hasil pekerjaan serta kendala yang dihadapi kepada atasan.</li></ul>","Dalam Negeri",,,"1","2","37","Mechanical Engineer"
"29","Teknisi Produksi Kendaraan Listrik","<h3><strong>Job Description:</strong></h3><ul><li>Melakukan perakitan unit kendaraan listrik.</li><li>Mengoperasikan alat las untuk kebutuhan produksi.</li><li>Melakukan proses pengecatan unit/komponen.</li><li>Memastikan hasil pekerjaan sesuai standar kualitas perusahaan.</li><li>Menjaga kebersihan dan keselamatan area kerja.</li><li>Bekerja sesuai target produksi harian.</li></ul><h3><strong>Kualifikasi:</strong></h3><ul><li>Pria, usia 18–35 tahun.</li><li>Pendidikan minimal SMA/SMK atau sederajat.</li><li>Sehat jasmani, khususnya memiliki penglihatan yang baik.</li><li>Memiliki minat di bidang otomotif (diutamakan).</li><li>Memiliki orientasi terhadap target kerja.</li><li>Disiplin, pekerja keras, dan memiliki kemauan belajar tinggi.</li></ul><h3><strong>Informasi Lainnya:</strong></h3><ul><li>Hari kerja: Senin – Sabtu.</li><li>Jam kerja: 08.00 – 17.00 WIB.</li></ul>","Dalam Negeri","3000000","3500000","1","10","37","Mechanical Engineer"
"30","Teknisi Listrik Tegangan Rendah","<p><strong>Job Description:</strong></p><ul><li>Melakukan instalasi, perawatan, dan perbaikan sistem listrik tegangan rendah.</li><li>Membaca dan memahami gambar instalasi listrik.</li><li>Melakukan pengecekan dan troubleshooting pada sistem kelistrikan.</li><li>Memastikan instalasi sesuai standar keselamatan (K3).</li><li>Mengoperasikan peralatan kerja listrik dengan baik.</li><li>Melakukan pencatatan dan pelaporan hasil pekerjaan.</li><li>Menggunakan komputer untuk dokumentasi dan laporan kerja.</li></ul>","Dalam Negeri",,,"1","5","38","Electrical Engineer"
"31","Juru Gambar CAD (CAD Drafter)","<p><strong>Job Description:</strong></p><ul><li>Membuat dan mengembangkan gambar teknik menggunakan software CAD</li><li>Menerjemahkan konsep/desain menjadi gambar kerja detail</li><li>Melakukan revisi gambar sesuai arahan tim atau kebutuhan proyek</li><li>Menyusun dan mengarsipkan file gambar secara sistematis</li><li>Berkoordinasi dengan tim teknis untuk memastikan akurasi desain</li><li>Memastikan gambar sesuai standar dan spesifikasi teknis</li><li>Mengoperasikan komputer dan software desain (AutoCAD, dll.) dengan baik</li></ul>","Dalam Negeri",,,"1","5","28","Graphic Designer"
"32","Staf Operasional (Campaign & Aktivitas Digital)","<h3><strong>Job Description / Tanggung Jawab:</strong></h3><ul><li>Menyusun target campaign seperti GMV, volume transaksi, dan pertumbuhan pengguna</li><li>Menentukan segmentasi atau target pengguna campaign</li><li>Mendesain strategi promo/campaign (diskon, cashback, bundling, dll.)</li><li>Menyusun timeline dan jadwal pelaksanaan campaign</li><li>Mengatur dan mengelola campaign serta promo di dalam sistem</li><li>Berkoordinasi dengan tim produk untuk memastikan campaign berjalan optimal</li><li>Memantau performa campaign secara berkala</li><li>Melakukan analisis ROI (Return on Investment)</li><li>Menganalisis conversion rate (tingkat konversi)</li><li>Membuat laporan performa campaign (performance report)</li><li>Mendesain banner promosi di dalam aplikasi</li></ul><h3><strong>Kualifikasi:</strong></h3><ul><li>Pendidikan minimal SMA/SMK/D3/S1 (diutamakan bidang terkait)</li><li>Memiliki kemampuan analisa data yang baik</li><li>Terbiasa menggunakan komputer dan tools digital</li><li>Memiliki kreativitas dalam membuat campaign/promo</li><li>Mampu bekerja secara tim maupun individu</li><li>Teliti, komunikatif, dan memiliki inisiatif tinggi</li></ul><h3><strong>Informasi Lainnya:</strong></h3><ul><li>Gaji: Negosiasi saat interview</li></ul>","Dalam Negeri",,,"1","1","1","Software Engineer"
"33","Customer Service","<h3><strong>Job Description / Tanggung Jawab:</strong></h3><ul><li>Melakukan audit dan verifikasi data merchant secara akurat</li><li>Memeriksa kelengkapan dan kejelasan logo merchant</li><li>Memastikan alamat merchant lengkap (kecamatan, kabupaten/kota, jalan, dan detail lainnya)</li><li>Memverifikasi kategori usaha serta informasi kontak merchant</li><li>Memastikan kelengkapan foto merchant dan informasi pendukung (termasuk link Google Business)</li><li>Menginput dan mengelola data menggunakan Excel secara rapi dan akurat</li><li>Memperbarui data merchant sesuai hasil verifikasi (sesuai/tidak sesuai)</li><li>Mendukung proses audit untuk memastikan seluruh data valid, asli, dan sesuai standar perusahaan.</li></ul><h3><strong>Kualifikasi:</strong></h3><ul><li>Diutamakan perempuan</li><li>Pendidikan minimal SMA/SMK atau sederajat</li><li>Teliti, detail-oriented, dan memiliki kemampuan administrasi yang baik</li><li>Mampu mengoperasikan Microsoft Excel dengan baik</li><li>Memiliki kemampuan analisa sederhana dan ketelitian tinggi</li><li>Disiplin, bertanggung jawab, dan mampu bekerja dalam tim</li><li>Memiliki komunikasi yang baik.</li></ul>","Dalam Negeri",,,"1","1","1","Software Engineer"
"34","Helper ( Staff Pendukung Operasional )","<h4><strong>Responsibilities</strong></h4><ul><li>Membantu pekerjaan utama tim operasional/produksi.</li><li>Menyiapkan alat dan bahan yang dibutuhkan.</li><li>Menjaga kebersihan dan kerapihan area kerja.</li><li>Mendukung proses produksi atau kegiatan operasional harian.</li><li>Melakukan pengecekan sederhana terhadap barang atau peralatan.</li><li>Melaksanakan instruksi atasan dengan cepat dan tepat.</li><li>Mematuhi prosedur keselamatan dan kesehatan kerja (K3).</li></ul><p>&nbsp;</p><h4><strong>Requirements</strong></h4><ul><li>Pendidikan minimal SMP/SMA/SMK.</li><li>Terbuka untuk fresh graduate (tidak wajib pengalaman).</li><li>Sehat jasmani dan mampu melakukan pekerjaan fisik.</li><li>Rajin, disiplin, dan bertanggung jawab.</li><li>Mampu bekerja secara individu maupun dalam tim.</li><li>Bersedia bekerja shift/lembur jika diperlukan.</li><li>Memiliki inisiatif dan kemauan belajar yang tinggi.</li></ul>","Dalam Negeri",,,"1","5","71","Administrative Staff"
"35","Staf Akunting","<ul><li>Mencatat transaksi keuangan harian (jurnal dan buku besar).</li><li>Menyusun laporan keuangan (neraca, laba rugi, dan arus kas).</li><li>Melakukan rekonsiliasi bank secara berkala.</li><li>Mengelola akun hutang (Account Payable/AP) dan piutang (Account Receivable/AR).</li><li>Memastikan pencatatan sesuai standar akuntansi (PSAK).</li><li>Menghitung dan melaporkan pajak perusahaan (PPN, PPh).</li><li>Mengontrol dan memonitor arus kas (cash flow) perusahaan.</li><li>Mengarsipkan dokumen keuangan secara rapi dan sistematis.</li></ul><h4><strong>Requirements</strong></h4><ul><li>Pendidikan minimal D3/S1 Akuntansi.</li><li>Memahami prinsip dasar akuntansi dan pelaporan keuangan.</li><li>Mampu mengoperasikan software akuntansi (Accurate, MYOB, SAP, atau sejenisnya).</li><li>Teliti, detail, dan memiliki kemampuan analisa yang baik.</li><li>Jujur dan memiliki integritas tinggi.</li><li>Memiliki pengalaman kerja minimal 2 tahun di bidang terkait.</li></ul>","Dalam Negeri",,,"1","3","71","Administrative Staff"
"36","Welder (Tukang Las)","<h4><strong>Responsibilities</strong></h4><ul><li>Melakukan proses pengelasan sesuai metode yang ditentukan (SMAW, TIG/GTAW, MIG/GMAW, dll.).</li><li>Membaca dan memahami gambar teknik atau blueprint sebelum proses kerja.</li><li>Memastikan hasil pengelasan sesuai standar kualitas dan keselamatan kerja.</li><li>Melakukan perbaikan (rework) jika hasil las tidak sesuai standar.</li><li>Menjaga dan merawat peralatan las agar tetap dalam kondisi baik.</li><li>Mematuhi prosedur K3 (Keselamatan dan Kesehatan Kerja) selama bekerja.</li></ul><h4><strong>Requirements</strong></h4><ul><li>Pendidikan minimal SMK (diutamakan jurusan teknik).</li><li>Memiliki pengalaman sebagai welder.</li><li>Mampu membaca gambar teknik.</li><li>Memiliki sertifikat welder menjadi nilai tambah.</li><li>Teliti, disiplin, dan mampu bekerja dalam tim.</li><li>Bersedia bekerja shift/lembur sesuai kebutuhan perusahaan.</li><li>Bersedia ditempatkan di Jakarta / Sukabumi.</li></ul>","Dalam Negeri",,,"1","5","37","Mechanical Engineer"
"37","Operator Mesin (Machine Operator)","<h4><strong>Tugas &amp; Tanggung Jawab</strong></h4><p>&nbsp;</p><ul><li>Mengoperasikan mesin produksi sesuai dengan SOP yang berlaku.</li><li>Melakukan setting dan penyesuaian mesin sebelum proses produksi.</li><li>Memantau kinerja mesin selama proses produksi berlangsung.</li><li>Melakukan pengecekan kualitas hasil produksi.</li><li>Melakukan perawatan ringan pada mesin (cleaning dan pelumasan).</li><li>Menjaga kebersihan dan keamanan area kerja.</li><li>Mematuhi prosedur K3 (Keselamatan dan Kesehatan Kerja).</li></ul><h4>&nbsp;</h4><h4><strong>Kualifikasi</strong></h4><p>&nbsp;</p><ul><li>Pendidikan minimal SMK (diutamakan jurusan Teknik Mesin / Elektro / Industri).</li><li>Memahami dasar pengoperasian mesin produksi.</li><li>Mampu membaca instruksi kerja atau SOP.</li><li>Sehat jasmani dan bersedia bekerja shift.</li><li>Teliti, disiplin, dan bertanggung jawab.</li><li>Mampu bekerja dalam tim.</li><li>Pengalaman sebagai operator mesin menjadi nilai tambah (0–2 tahun / fresh graduate dipersilakan melamar).</li></ul>","Dalam Negeri",,,"1","5","37","Mechanical Engineer"
"38","Mandarin Interpreter","<ul><li>Menerjemahkan komunikasi lisan (Mandarin ↔ Indonesia/Inggris) secara langsung dalam meeting, briefing, atau aktivitas operasional</li><li>Menjadi penghubung komunikasi antara tenaga kerja lokal dan tenaga kerja asing (Tiongkok/Mandarin speaker)</li><li>Menerjemahkan dokumen tertulis seperti SOP, email, laporan, dan instruksi kerja</li><li>Membantu memastikan pesan yang disampaikan jelas, akurat, dan tidak menimbulkan miskomunikasi</li><li>Mendampingi aktivitas kerja harian yang membutuhkan penerjemahan (produksi, teknis, atau manajemen)</li><li>Membantu koordinasi antar tim terkait kebutuhan komunikasi bilingual</li><li>Menjaga kerahasiaan informasi perusahaan dalam proses penerjemahan</li><li>Membuat catatan atau laporan hasil terjemahan jika diperlukan</li></ul><h4><strong>Kualifikasi</strong></h4><ul><li>Menerjemahkan komunikasi lisan (Mandarin ↔ Indonesia/Inggris) secara langsung dalam meeting, briefing, atau aktivitas operasional</li><li>Menjadi penghubung komunikasi antara tenaga kerja lokal dan tenaga kerja asing (Tiongkok/Mandarin speaker)</li><li>Menerjemahkan dokumen tertulis seperti SOP, email, laporan, dan instruksi kerja</li><li>Membantu memastikan pesan yang disampaikan jelas, akurat, dan tidak menimbulkan miskomunikasi</li><li>Mendampingi aktivitas kerja harian yang membutuhkan penerjemahan (produksi, teknis, atau manajemen)</li><li>Membantu koordinasi antar tim terkait kebutuhan komunikasi bilingual</li><li>Menjaga kerahasiaan informasi perusahaan dalam proses penerjemahan</li><li>Membuat catatan atau laporan hasil terjemahan jika diperlukan</li></ul>","Dalam Negeri","5000000","10000000","1","5","35","Translator / Interpreter"
"39","Spesialis Akunting Keuangan","<h4><strong>Tugas &amp; Tanggung Jawab</strong></h4><ul><li>Mengelola dan mencatat seluruh transaksi keuangan perusahaan secara akurat</li><li>Menyusun laporan keuangan (neraca, laba rugi, arus kas) secara periodik</li><li>Melakukan analisis laporan keuangan untuk mendukung pengambilan keputusan</li><li>Mengelola arus kas (cash flow) dan memastikan ketersediaan dana operasional</li><li>Melakukan rekonsiliasi bank dan kontrol terhadap transaksi keuangan</li><li>Mengelola akun hutang (AP) dan piutang (AR)</li><li>Menghitung, melaporkan, dan memastikan kepatuhan pajak (PPN, PPh, dll.)</li><li>Memastikan seluruh pencatatan sesuai standar akuntansi (PSAK)</li><li>Berkoordinasi dengan auditor internal maupun eksternal</li><li>Mengembangkan dan meningkatkan sistem serta prosedur keuangan perusahaan</li><li>Menyusun laporan dan analisis keuangan untuk manajemen</li></ul><h4><strong>Kualifikasi</strong></h4><ul><li>Pendidikan minimal S1 Akuntansi / Keuangan</li><li>Memiliki pengalaman minimal 2–5 tahun di bidang Accounting &amp; Finance</li><li>Memahami prinsip akuntansi, pelaporan keuangan, dan perpajakan</li><li>Mampu mengoperasikan software akuntansi (Accurate, SAP, MYOB, atau sejenisnya)</li><li>Memiliki kemampuan analisa yang kuat dan detail-oriented</li><li>Jujur, teliti, dan memiliki integritas tinggi</li><li>Mampu bekerja secara mandiri maupun dalam tim</li><li>Memiliki kemampuan komunikasi yang baik</li></ul>","Dalam Negeri","10000000","20000000","1","1","16","Finance / Treasury"
"40","Human Resources & General Admin","<h4><strong>Tugas &amp; Tanggung Jawab</strong></h4><ul><li>Mengelola proses administrasi HR (absensi, data karyawan, kontrak kerja)</li><li>Mendukung proses rekrutmen (posting lowongan, screening CV, interview, onboarding)</li><li>Mengelola administrasi payroll dan benefit karyawan</li><li>Memastikan kepatuhan terhadap peraturan ketenagakerjaan yang berlaku</li><li>Mengelola kebutuhan General Affairs (ATK, fasilitas kantor, kendaraan operasional, dll.)</li><li>Mengatur dan memantau perawatan aset serta fasilitas kantor</li><li>Mengelola hubungan dengan vendor (outsourcing, kebersihan, keamanan, dll.)</li><li>Mendukung kegiatan internal perusahaan (training, event, dll.)</li><li>Menyusun laporan HR &amp; GA secara berkala</li><li>Menangani kebutuhan operasional kantor sehari-hari</li></ul><h4><strong>Kualifikasi</strong></h4><ul><li>Pendidikan minimal D3/S1 (diutamakan jurusan Psikologi, Manajemen SDM, atau terkait)</li><li>Memiliki pengalaman minimal 1–2 tahun di bidang HR/GA (fresh graduate dipertimbangkan)</li><li>Memahami dasar-dasar HR (rekrutmen, administrasi, payroll)</li><li>Mampu mengoperasikan Microsoft Office (terutama Excel &amp; Word)</li><li>Memiliki kemampuan komunikasi dan interpersonal yang baik</li><li>Teliti, disiplin, dan mampu multitasking</li><li>Memiliki inisiatif dan tanggung jawab tinggi</li><li>Mampu bekerja secara individu maupun tim</li></ul>","Dalam Negeri","4000000","7000000","1","1","67","HR Generalist / Manager"
"41","Admin Operasional","<h4><strong>Tugas &amp; Tanggung Jawab</strong></h4><ul><li>Mengelola dan menginput data operasional secara akurat dan tepat waktu</li><li>Menyusun, memeriksa, dan mengarsipkan dokumen administrasi</li><li>Membuat laporan operasional harian, mingguan, dan bulanan</li><li>Berkoordinasi dengan tim internal terkait kebutuhan operasional</li><li>Memastikan kelengkapan data dan dokumen sesuai standar perusahaan</li><li>Melakukan monitoring dan update data secara berkala</li><li>Mendukung aktivitas operasional agar berjalan lancar</li><li>Mengoperasikan sistem atau tools administrasi perusahaan</li><li>Menangani tugas administratif lainnya sesuai kebutuhan</li></ul><h4>&nbsp;</h4><h4><strong>Kualifikasi</strong></h4><ul><li>Pendidikan minimal SMA/SMK/D3 (diutamakan jurusan terkait)</li><li>Memiliki pengalaman di bidang administrasi/operasional menjadi nilai tambah</li><li>Mampu mengoperasikan Microsoft Office (terutama Excel &amp; Word)</li><li>Teliti, rapi, dan memiliki kemampuan organisasi yang baik</li><li>Mampu bekerja dengan target dan deadline</li><li>Memiliki kemampuan komunikasi yang baik</li><li>Disiplin, bertanggung jawab, dan mampu bekerja dalam tim</li></ul>","Dalam Negeri","4000000","8000000","1","3","71","Administrative Staff"
"42","IT Spesialis","<h4><strong>Tugas &amp; Tanggung Jawab</strong></h4><ul><li>Melakukan instalasi, konfigurasi, dan pemeliharaan hardware &amp; software</li><li>Mengelola jaringan komputer (LAN/WAN, internet, router, dll.)</li><li>Melakukan troubleshooting terhadap masalah sistem, jaringan, dan perangkat IT</li><li>Memastikan keamanan sistem dan data perusahaan (security &amp; backup)</li><li>Mengelola server, database, dan sistem internal perusahaan</li><li>Memberikan support teknis kepada user/internal tim (helpdesk)</li><li>Melakukan monitoring performa sistem dan jaringan</li><li>Mengembangkan atau melakukan improvement pada sistem IT perusahaan</li><li>Mendokumentasikan sistem, konfigurasi, dan prosedur IT</li></ul><h4><strong>Kualifikasi</strong></h4><ul><li>Pendidikan minimal D3/S1 Teknik Informatika / Sistem Informasi / sejenis</li><li>Memiliki pengalaman di bidang IT Support / System / Network minimal 1–3 tahun</li><li>Memahami dasar jaringan (TCP/IP, routing, switching)</li><li>Menguasai troubleshooting hardware &amp; software</li><li>Memahami sistem operasi (Windows/Linux)</li><li>Memiliki pengetahuan tentang keamanan IT menjadi nilai tambah</li><li>Mampu bekerja secara mandiri maupun dalam tim</li><li>Memiliki kemampuan analisa dan problem solving yang baik</li><li>Komunikatif dan responsif terhadap kebutuhan user</li></ul>","Dalam Negeri","5000000","10000000","1","1","14","Technical Support"
"43","Customer Service","<h4><strong>Tugas &amp; Tanggung Jawab</strong></h4><ul><li>Menangani pertanyaan, keluhan, dan kebutuhan pelanggan melalui telepon, chat, atau email</li><li>Memberikan informasi produk/layanan secara jelas dan akurat</li><li>Menjaga kepuasan pelanggan dengan memberikan pelayanan yang cepat dan solutif</li><li>Mencatat dan mendokumentasikan setiap interaksi dengan pelanggan</li><li>Menindaklanjuti permasalahan pelanggan hingga terselesaikan</li><li>Berkoordinasi dengan tim terkait untuk penyelesaian masalah</li><li>Memastikan standar pelayanan perusahaan terpenuhi</li><li>Membuat laporan aktivitas dan feedback pelanggan</li></ul><h4><strong>Kualifikasi</strong></h4><ul><li>Pendidikan minimal S1</li><li>Memiliki kemampuan komunikasi yang baik (lisan &amp; tulisan)</li><li>Berpenampilan rapi dan sopan</li><li>Mampu mengoperasikan komputer (Microsoft Office dan aplikasi chat/email)</li><li>Memiliki kemampuan problem solving yang baik</li><li>Ramah, sabar, dan berorientasi pada pelayanan</li><li>Mampu bekerja dalam tim maupun individu</li><li>Pengalaman di bidang Customer Service menjadi nilai tambah</li></ul>","Dalam Negeri","4000000","8000000","1","3","83","Customer Service / Call Center"
"44","Manajer Penjualan","<h4><strong>Tugas &amp; Tanggung Jawab</strong></h4><ul><li>Menyusun dan menjalankan strategi penjualan untuk mencapai target perusahaan</li><li>Memimpin, mengelola, dan mengembangkan tim sales</li><li>Menentukan target penjualan (revenue, volume, market share)</li><li>Melakukan monitoring dan evaluasi performa tim sales</li><li>Mengembangkan pasar baru serta menjaga hubungan dengan klien existing</li><li>Melakukan analisa pasar, kompetitor, dan tren industri</li><li>Berkoordinasi dengan tim marketing dan operasional untuk mendukung penjualan</li><li>Menyusun laporan penjualan dan forecasting secara berkala</li><li>Mengelola pipeline dan memastikan closing deal berjalan optimal</li><li>Memberikan training dan coaching kepada tim sales</li></ul><p>&nbsp;</p><h4>Kualifikasi</h4><ul><li>Pendidikan minimal S1 (diutamakan jurusan Manajemen, Marketing, atau terkait)</li><li>Pengalaman minimal 3–5 tahun di bidang sales, dengan pengalaman memimpin tim</li><li>Memiliki kemampuan leadership dan komunikasi yang baik</li><li>Berorientasi pada target dan hasil</li><li>Mampu melakukan analisa pasar dan strategi penjualan</li><li>Memiliki jaringan relasi yang luas menjadi nilai tambah</li><li>Mampu bekerja di bawah tekanan dan target</li><li>Memiliki kemampuan negosiasi dan closing yang baik</li></ul>","Dalam Negeri","10000000","20000000","1","1","21","Sales / Account Executive"
"45","General Admin","<h4><strong>Tugas &amp; Tanggung Jawab</strong></h4><ul><li>Mengelola kebutuhan operasional kantor (ATK, perlengkapan, dan fasilitas)</li><li>Mengatur dan memantau perawatan gedung, aset, dan fasilitas perusahaan</li><li>Mengelola hubungan dengan vendor (kebersihan, keamanan, maintenance, dll.)</li><li>Mengatur penggunaan kendaraan operasional dan kebutuhan logistik</li><li>Memastikan lingkungan kerja aman, nyaman, dan sesuai standar</li><li>Mengelola administrasi aset dan inventaris perusahaan</li><li>Mendukung kegiatan operasional dan event internal perusahaan</li><li>Mengurus perizinan dan kebutuhan administrasi umum perusahaan</li><li>Melakukan pengadaan barang dan jasa sesuai kebutuhan perusahaan</li><li>Menyusun laporan terkait aktivitas GA secara berkala</li></ul><h4><strong>Kualifikasi</strong></h4><ul><li>Pendidikan minimal SMA/SMK/D3/S1 semua jurusan</li><li>Memiliki pengalaman di bidang General Affairs minimal 1–2 tahun</li><li>Mampu mengoperasikan Microsoft Office (Excel &amp; Word)</li><li>Memiliki kemampuan komunikasi dan negosiasi yang baik</li><li>Teliti, disiplin, dan mampu multitasking</li><li>Memiliki kemampuan koordinasi yang baik</li><li>Bertanggung jawab dan memiliki inisiatif tinggi</li><li>Mampu bekerja secara individu maupun tim</li></ul>","Dalam Negeri","6000000","12000000","1","1","37","Mechanical Engineer"
"46","Staf Pembelian / Purchasing Staff","<h4><strong>Tugas &amp; Tanggung Jawab</strong></h4><ul><li>Berkoordinasi dengan supplier dan klien terkait kebutuhan pengadaan barang/part</li><li>Memantau status pengiriman barang (shipping) secara berkala</li><li>Menindaklanjuti kebutuhan part/material secara tepat waktu</li><li>Melakukan perencanaan pembelian berdasarkan stok gudang</li><li>Menyiapkan pengadaan barang untuk menjaga ketersediaan stok</li><li>Memastikan proses pembelian berjalan efektif dan efisien</li><li>Melaporkan progres pekerjaan secara rutin kepada atasan</li></ul><h4>&nbsp;</h4><h4><strong>Kualifikasi</strong></h4><ul><li>Mampu berbahasa Mandarin dan Indonesia (aktif)</li><li>Memiliki pengalaman di bidang purchasing/procurement</li><li>Proaktif, bertanggung jawab, dan memiliki inisiatif tinggi</li><li>Mampu bekerja sesuai arahan dan target yang diberikan</li><li>Memiliki kemampuan komunikasi dan koordinasi yang baik</li><li>Mampu melakukan monitoring dan follow-up pekerjaan secara tepat waktu</li></ul>","Dalam Negeri","8000000","15000000","1","1","21","Sales / Account Executive"
"47","Staf Penggajian / HR PAYROLL STAFF","<h4><strong>Tugas &amp; Tanggung Jawab</strong></h4><ul><li>Mengelola dan menghitung payroll karyawan secara akurat dan tepat waktu</li><li>Mengurus pajak penghasilan karyawan (PPh 21) serta pelaporannya</li><li>Mengelola administrasi dan pembayaran BPJS Kesehatan &amp; Ketenagakerjaan</li><li>Memelihara data karyawan, absensi, dan payroll dalam sistem (HRIS)</li><li>Mendukung proses administrasi karyawan (onboarding, resign, kontrak, dan arsip data)</li><li>Berkoordinasi dengan tim finance terkait rekonsiliasi payroll dan laporan keuangan</li><li>Menjawab pertanyaan karyawan terkait gaji, benefit, dan jaminan sosial</li><li>Menjalankan tugas HR lainnya sesuai arahan atasan</li></ul><h4>&nbsp;</h4><h4><strong>Kualifikasi</strong></h4><ul><li>Memahami peraturan ketenagakerjaan Indonesia serta sistem payroll (PPh 21, BPJS, dll.)</li><li>Mahir menggunakan Microsoft Excel (VLOOKUP, Pivot Table, dll.)</li><li>Memiliki ketelitian tinggi dan kemampuan analisa data yang baik</li><li>Memiliki kemampuan komunikasi yang baik (Bahasa Inggris atau Mandarin menjadi nilai tambah)</li><li>Mampu bekerja secara sistematis, rapi, dan bertanggung jawab</li></ul>","Dalam Negeri","6000000","9000000","1","2","15","Accounting"
"48","Staf Manajemen Data Perlengkapan","<h4>Tugas &amp; Tanggung Jawab</h4><ul><li>Mengumpulkan, menginput, dan melakukan pengecekan data operasional peralatan (data kinerja, status, dan lokasi) secara rutin</li><li>Memantau kondisi perawatan/perbaikan mesin serta melaporkan jika terdapat kendala atau abnormalitas</li><li>Membuat dan memelihara data administrasi peralatan (asset list, maintenance record, usage record, dan laporan kerusakan)</li><li>Mendukung proses inventarisasi dan pengecekan peralatan</li><li>Mengelola dokumentasi serta pengarsipan data secara rapi dan sistematis</li><li>Melakukan update data pada sistem (HRIS / sistem manajemen peralatan)</li><li>Berkoordinasi dengan tim teknis terkait data dan kondisi peralatan</li></ul><h4>&nbsp;</h4><h4><strong>Kualifikasi</strong></h4><ul><li>Pendidikan minimal SMK/D3/S1 (diutamakan jurusan Teknik Mesin atau terkait)</li><li>Mahir menggunakan Microsoft Excel (VLOOKUP, Pivot Table, fungsi, dan pengolahan data)</li><li>Mampu berkomunikasi menggunakan Bahasa Mandarin atau Bahasa Inggris (minimal pasif/aktif kerja)</li><li>Teliti, detail-oriented, dan memiliki kemampuan administrasi yang baik</li><li>Mampu bekerja secara sistematis dan bertanggung jawab</li><li>Memiliki kemampuan komunikasi dan koordinasi yang baik</li></ul>","Dalam Negeri","7000000","12000000","1","1","71","Administrative Staff"
"49","Sales Used Equipment (Alat Berat & Kendaraan)","<h4><strong>Tugas &amp; Tanggung Jawab</strong></h4><ul><li>Bertanggung jawab atas penjualan unit bekas (excavator, dump truck, pickup, dll.)</li><li>Mencari dan mengembangkan pelanggan baru (new customer acquisition)</li><li>Menjaga hubungan baik dengan pelanggan existing untuk kerja sama jangka panjang</li><li>Mengumpulkan informasi pasar terkait harga dan tren alat berat/kendaraan bekas</li><li>Melakukan analisa data penjualan dan tren harga untuk mendukung strategi sales</li><li>Menyusun laporan penjualan dan aktivitas market secara berkala</li><li>Berkoordinasi dengan tim internal terkait proses penjualan dan distribusi unit</li></ul><h4>&nbsp;</h4><h4><strong>Kualifikasi</strong></h4><ul><li>Pendidikan diutamakan jurusan Statistik, Administrasi, Komputer, Teknik Mesin, atau bidang terkait</li><li>Teliti, memiliki kemampuan analisa data yang baik, serta berpikir logis</li><li>Bertanggung jawab dan memiliki inisiatif tinggi</li><li>Mahir menggunakan Microsoft Excel (VLOOKUP, Pivot Table, fungsi, dan pengolahan data)</li><li>Memiliki kemampuan komunikasi yang baik</li><li>Mampu berbahasa Mandarin atau Bahasa Inggris sebagai bahasa kerja</li><li>Memiliki minat di bidang sales dan industri alat berat/kendaraan</li></ul>","Dalam Negeri","7000000","12000000","1","2","21","Sales / Account Executive"
"50","Admin Gudang","<h4><strong>Tugas &amp; Tanggung Jawab</strong></h4><ul><li>Mengelola penerimaan, pengeluaran, dan pencatatan material/barang secara akurat</li><li>Memastikan kesesuaian antara data stok dan fisik barang (stock opname)</li><li>Melakukan pengecekan stok secara berkala serta menyusun laporan inventory</li><li>Mengatur penyimpanan barang agar rapi, aman, dan mudah diakses</li><li>Memantau keluar masuk barang serta kebutuhan material operasional</li><li>Menjaga kebersihan dan kerapihan area gudang</li><li>Membantu proses pemindahan barang dan retur material</li><li>Menjalankan tugas lain sesuai arahan atasan</li></ul><h4>&nbsp;</h4><h4><strong>Kualifikasi</strong></h4><ul><li>Pendidikan diutamakan jurusan Logistik, Manajemen Gudang, Supply Chain, Administrasi Bisnis, atau terkait</li><li>Mampu mengoperasikan Microsoft Excel dan software perkantoran lainnya</li><li>Memiliki kemampuan pengolahan dan pengelolaan data yang baik</li><li>Teliti, bertanggung jawab, dan memiliki kemampuan eksekusi yang baik</li><li>Disiplin dan mampu bekerja secara tim maupun individu</li><li>Memiliki pengalaman magang/kerja di gudang atau logistik menjadi nilai tambah</li></ul>","Dalam Negeri","4000000","8000000","1","10","71","Administrative Staff"
"51","Data System Support","<h4>Tugas &amp; Tanggung Jawab</h4><ul><li>Mendukung tim proyek dalam implementasi dan pengembangan sistem manajemen internal perusahaan</li><li>Memahami dan menguasai berbagai modul sistem (finance, equipment, parts, marketing, settlement, HR, dll.)</li><li>Berpartisipasi dalam proses testing, deployment, dan training user sistem</li><li>Menangani operasional harian serta maintenance sistem setelah implementasi</li><li>Mengatasi permasalahan teknis (troubleshooting) yang muncul dalam penggunaan sistem</li><li>Berkoordinasi dengan tim developer/vendor eksternal untuk pengembangan dan optimalisasi sistem</li><li>Menyusun dokumentasi seperti user manual, SOP, dan dokumen teknis lainnya</li><li>Bekerja sama dengan departemen lain terkait pengolahan data, manajemen akses (user authority), dan keamanan informasi</li></ul><h4>&nbsp;</h4><h4><strong>Kualifikasi</strong></h4><ul><li>Pendidikan diutamakan jurusan Teknik Informatika, Software Engineering, Sistem Informasi, Teknik Mesin, atau bidang terkait</li><li>Memahami sistem manajemen perusahaan (ERP, OA, atau sistem manajemen peralatan)</li><li>Memiliki pengalaman dalam implementasi sistem, testing, atau IT support menjadi nilai tambah</li><li>Mahir menggunakan Microsoft Office dan mampu membuat dokumentasi/prosedur kerja</li><li>Memiliki kemampuan komunikasi dan koordinasi yang baik</li><li>Mampu bekerja sama dengan tim internal maupun vendor eksternal</li><li>Mampu berbahasa Mandarin atau Bahasa Inggris sebagai bahasa kerja</li></ul>","Dalam Negeri","10000000","15000000","1","3","12","Network & System Administrator"
"52","Translator site","<h4><strong>Tugas &amp; Tanggung Jawab</strong></h4><ul><li>Menerjemahkan komunikasi lisan antara tim lokal dan tenaga kerja asing (Mandarin ↔ Indonesia/Inggris) di area site</li><li>Membantu pengaturan dan penyampaian tugas kerja dari atasan kepada tim</li><li>Menerjemahkan dokumen kerja seperti SOP, instruksi kerja, dan laporan</li><li>Mendampingi aktivitas operasional harian di lapangan yang membutuhkan penerjemahan</li><li>Memastikan informasi tersampaikan dengan jelas, akurat, dan tidak menimbulkan miskomunikasi</li><li>Menjadi penghubung komunikasi antar tim di lingkungan kerja proyek</li><li>Membuat catatan atau laporan hasil terjemahan jika diperlukan</li></ul><h4>&nbsp;</h4><h4><strong>Kualifikasi</strong></h4><ul><li>Mampu menggunakan Bahasa Mandarin secara aktif untuk pengaturan tugas kerja dan penerjemahan</li><li>Memiliki kemampuan komunikasi yang baik dan jelas</li><li>Bersedia bekerja di lapangan (site/project)</li><li>Teliti, responsif, dan mampu bekerja dalam lingkungan dinamis</li><li>Mampu bekerja secara individu maupun tim</li><li>Pengalaman sebagai translator/interpreter menjadi nilai tambah</li></ul>","Dalam Negeri","9000000","15000000","1","4","35","Translator / Interpreter"
"53","Manajer Penjualan","<h4><strong>Tugas &amp; Tanggung Jawab</strong></h4><ul><li>Menyusun dan menjalankan strategi penjualan untuk mencapai target perusahaan</li><li>Mengelola dan mengarahkan tim sales agar mencapai performa optimal</li><li>Mengembangkan dan menjaga hubungan dengan pelanggan (existing &amp; new clients)</li><li>Melakukan negosiasi serta menangani kontrak penjualan</li><li>Memantau dan menganalisis performa penjualan serta tren pasar</li><li>Menyusun laporan penjualan secara berkala</li><li>Berkoordinasi dengan tim internal untuk mendukung proses penjualan</li></ul><h4><strong>Kualifikasi</strong></h4><ul><li>Memiliki pengalaman kerja minimal 2 tahun di bidang penjualan</li><li>Memiliki kemampuan komunikasi yang sangat baik</li><li>Memiliki kepribadian ramah dan profesional</li><li>Mahir menggunakan komputer (Microsoft Office dan tools pendukung lainnya)</li><li>Mampu menangani dokumen umum seperti kontrak dan administrasi penjualan</li><li>Memiliki kemampuan negosiasi dan leadership yang baik</li><li>Berorientasi pada target dan hasil</li></ul>","Dalam Negeri",,,"1","7","21","Sales / Account Executive"
"54","Sales / Tenaga Penjualan","<h4><strong>Tugas &amp; Tanggung Jawab</strong></h4><ul><li>Mencari dan mengembangkan pelanggan baru</li><li>Menjaga hubungan baik dengan pelanggan existing</li><li>Menawarkan produk/layanan kepada calon pelanggan</li><li>Melakukan negosiasi dan closing penjualan</li><li>Menangani dokumen penjualan seperti penawaran dan kontrak</li><li>Mencapai target penjualan yang telah ditentukan</li><li>Membuat laporan aktivitas dan hasil penjualan</li><li>Berkoordinasi dengan tim internal terkait proses penjualan</li></ul><h4><strong>Kualifikasi</strong></h4><ul><li>Memiliki kemampuan komunikasi yang sangat baik</li><li>Memiliki kepribadian ramah dan profesional</li><li>Mahir menggunakan komputer (Microsoft Office dan tools pendukung)</li><li>Mampu menangani dokumen umum seperti kontrak</li><li>Memiliki kemampuan negosiasi yang baik</li><li>Berorientasi pada target dan hasil</li><li>Mampu bekerja secara individu maupun tim</li><li>Pengalaman di bidang sales menjadi nilai tambah</li></ul>","Dalam Negeri",,,"1","7","21","Sales / Account Executive"
"55","Manajer Penjualan","<h4><strong>Tugas &amp; Tanggung Jawab</strong></h4><ul><li>Menyusun dan menjalankan strategi penjualan untuk mencapai target perusahaan</li><li>Memimpin, mengelola, dan mengembangkan tim sales</li><li>Menentukan target penjualan (revenue, volume, market share)</li><li>Melakukan monitoring dan evaluasi performa tim sales</li><li>Mengembangkan pasar baru serta menjaga hubungan dengan klien existing</li><li>Melakukan analisa pasar, kompetitor, dan tren industri</li><li>Berkoordinasi dengan tim marketing dan operasional untuk mendukung penjualan</li><li>Menyusun laporan penjualan dan forecasting secara berkala</li><li>Mengelola pipeline dan memastikan closing deal berjalan optimal</li><li>Memberikan training dan coaching kepada tim sales</li></ul><h4>&nbsp;</h4><h4><strong>Kualifikasi</strong></h4><ul><li>Pendidikan minimal S1 (diutamakan jurusan Manajemen, Marketing, atau terkait)</li><li>Pengalaman minimal 3–5 tahun di bidang sales, dengan pengalaman memimpin tim</li><li>Memiliki kemampuan leadership dan komunikasi yang baik</li><li>Berorientasi pada target dan hasil</li><li>Mampu melakukan analisa pasar dan strategi penjualan</li><li>Memiliki jaringan relasi yang luas menjadi nilai tambah</li><li>Mampu bekerja di bawah tekanan dan target</li><li>Memiliki kemampuan negosiasi dan closing yang baik</li></ul>","Dalam Negeri","5000000","15000000","1","5","72","Office Manager"
"56","Penjualan","<h4><strong>Tugas &amp; Tanggung Jawab</strong></h4><ul><li>Mencari dan mengembangkan pelanggan baru</li><li>Menjaga hubungan baik dengan pelanggan existing</li><li>Menawarkan produk/layanan kepada calon pelanggan</li><li>Melakukan negosiasi dan closing penjualan</li><li>Menangani dokumen penjualan seperti penawaran dan kontrak</li><li>Mencapai target penjualan yang telah ditentukan</li><li>Membuat laporan aktivitas dan hasil penjualan</li><li>Berkoordinasi dengan tim internal terkait proses penjualan</li></ul><h4><strong>Kualifikasi</strong></h4><ul><li>Memiliki kemampuan komunikasi yang sangat baik</li><li>Memiliki kepribadian ramah dan profesional</li><li>Mahir menggunakan komputer (Microsoft Office dan tools pendukung)</li><li>Mampu menangani dokumen umum seperti kontrak</li><li>Memiliki kemampuan negosiasi yang baik</li><li>Berorientasi pada target dan hasil</li><li>Mampu bekerja secara individu maupun tim</li><li>Pengalaman di bidang sales menjadi nilai tambah</li></ul>","Dalam Negeri",,,"1","5","21","Sales / Account Executive"
"57","Agen Penjualan","<h4><strong>Tugas &amp; Tanggung Jawab</strong></h4><ul><li>Mencari dan mengembangkan pelanggan baru (prospecting)</li><li>Menjalin dan menjaga hubungan baik dengan pelanggan existing</li><li>Melakukan presentasi dan penawaran produk/layanan kepada klien</li><li>Melakukan negosiasi harga dan closing penjualan</li><li>Mengelola pipeline penjualan dan follow-up prospek secara berkala</li><li>Menangani dokumen penjualan seperti quotation, invoice, dan kontrak</li><li>Mencapai target penjualan yang telah ditentukan</li><li>Membuat laporan aktivitas dan hasil penjualan</li><li>Mengumpulkan informasi pasar dan feedback pelanggan</li></ul><h4><strong>Kualifikasi</strong></h4><ul><li>Pendidikan minimal SMA/SMK/D3/S1</li><li>Memiliki kemampuan komunikasi dan presentasi yang sangat baik</li><li>Berkepribadian ramah, percaya diri, dan profesional</li><li>Mahir menggunakan komputer (Microsoft Office dan tools pendukung)</li><li>Mampu menangani dokumen administrasi penjualan (quotation, kontrak, dll.)</li><li>Memiliki kemampuan negosiasi dan closing yang baik</li><li>Berorientasi pada target dan hasil</li><li>Mampu bekerja secara individu maupun tim</li><li>Memiliki pengalaman di bidang sales menjadi nilai tambah</li></ul>","Dalam Negeri","6000000","15000000","1","10","65","Retail Sales Associate"
"58","Admin Marketing / Staf Administrasi Pemasaran","<h4><strong>Tugas &amp; Tanggung Jawab</strong></h4><ul><li>Mendukung aktivitas tim marketing dalam pelaksanaan campaign dan promosi</li><li>Mengelola administrasi marketing (data pelanggan, laporan, dokumen, dll.)</li><li>Membantu pembuatan materi promosi (proposal, presentasi, banner sederhana)</li><li>Menginput dan mengelola data campaign serta hasil aktivitas marketing</li><li>Berkoordinasi dengan tim sales dan tim lain terkait kebutuhan marketing</li><li>Membantu monitoring performa campaign dan menyusun laporan</li><li>Mengatur jadwal kegiatan marketing (event, promo, dll.)</li><li>Menangani komunikasi dasar dengan klien atau partner (jika diperlukan)</li><li>Mengarsipkan dokumen marketing secara rapi dan sistematis</li></ul><h4>&nbsp;</h4><h4><strong>Kualifikasi</strong></h4><ul><li>Pendidikan minimal SMA/SMK/D3/S1 (diutamakan jurusan Marketing, Manajemen, atau terkait)</li><li>Mampu mengoperasikan Microsoft Office (terutama Excel &amp; PowerPoint)</li><li>Memiliki kemampuan administrasi dan pengolahan data yang baik</li><li>Teliti, rapi, dan memiliki kemampuan organisasi yang baik</li><li>Memiliki komunikasi yang baik dan mampu bekerja dalam tim</li><li>Kreatif dan memiliki minat di bidang marketing menjadi nilai tambah</li><li>Mampu bekerja dengan deadline dan multitasking</li><li>Pengalaman di bidang marketing/admin menjadi nilai tambah</li></ul>","Dalam Negeri","4000000","6000000","1","3","71","Administrative Staff"
"59","Host Live Streamer","<h4><strong>Tugas &amp; Tanggung Jawab</strong></h4><ul><li>Membawakan sesi live streaming secara aktif dan interaktif di platform seperti TikTok, Shopee, Instagram, dan marketplace lainnya</li><li>Menyampaikan dan mempresentasikan produk/layanan secara menarik, informatif, dan persuasif</li><li>Membangun engagement dengan audiens melalui interaksi langsung (membaca komentar, menjawab pertanyaan, dll.)</li><li>Meningkatkan jumlah viewers, followers, dan konversi penjualan selama live streaming</li><li>Menyiapkan konsep live (flow, script, tema promo, dan rundown acara)</li><li>Berkolaborasi dengan tim marketing, content, dan sales terkait campaign dan target penjualan</li><li>Memastikan kesiapan teknis live streaming (lighting, audio, koneksi internet, display produk)</li><li>Melakukan evaluasi performa live (viewers, engagement, GMV, conversion rate)</li><li>Mengikuti tren live commerce dan mengembangkan ide kreatif untuk meningkatkan performa</li><li>Menjaga citra brand melalui komunikasi yang profesional, ramah, dan sesuai dengan identitas perusahaan</li></ul><h4><strong>Kualifikasi</strong></h4><ul><li>Perempuan, usia 17–29 tahun</li><li>Berpenampilan menarik dan percaya diri di depan kamera</li><li>Memiliki kemampuan komunikasi yang baik dan interaktif</li><li>Mampu berbahasa Inggris dasar (basic English)</li><li>Ekspresif, energik, dan nyaman tampil di depan publik</li><li>Memiliki ketertarikan di bidang live streaming atau content creation menjadi nilai tambah</li></ul>","Dalam Negeri","4000000","25000000","1","1","21","Sales / Account Executive"
"60","Customer Service","<h4><strong>Tugas &amp; Tanggung Jawab</strong></h4><ul><li>Melakukan audit dan verifikasi data merchant secara akurat</li><li>Memeriksa kelengkapan dan kejelasan logo merchant</li><li>Memastikan alamat merchant lengkap (kecamatan, kabupaten/kota, jalan, dan detail lainnya)</li><li>Memverifikasi kategori usaha serta informasi kontak merchant</li><li>Memastikan kelengkapan foto merchant dan informasi pendukung (termasuk link Google Business)</li><li>Menginput dan mengelola data menggunakan Excel secara rapi dan akurat</li><li>Memperbarui data merchant sesuai hasil verifikasi (sesuai/tidak sesuai)</li><li>Mendukung proses audit untuk memastikan seluruh data valid, asli, dan sesuai standar perusahaan.</li></ul><h4>&nbsp;</h4><h4><strong>Kualifikasi</strong></h4><ul><li>Diutamakan perempuan</li><li>Pendidikan minimal SMA/SMK atau sederajat</li><li>Teliti, detail-oriented, dan memiliki kemampuan administrasi yang baik</li><li>Mampu mengoperasikan Microsoft Excel dengan baik</li><li>Memiliki kemampuan analisa sederhana dan ketelitian tinggi</li><li>Disiplin, bertanggung jawab, dan mampu bekerja dalam tim</li><li>Memiliki komunikasi yang baik.</li></ul>","Dalam Negeri","4000000","5800000","1","5","83","Customer Service / Call Center"
"61","Tim Pemasaran","<h4>Tugas &amp; Tanggung Jawab</h4><ul><li>Menawarkan dan menjual produk IndiHome (internet, TV kabel, telepon rumah) kepada pelanggan</li><li>Melakukan canvassing / penjualan langsung ke area yang telah ditentukan</li><li>Mencari dan mengembangkan pelanggan baru</li><li>Menjelaskan produk dan promo kepada calon pelanggan</li><li>Membantu proses pendaftaran dan aktivasi pelanggan baru</li><li>Menjaga hubungan baik dengan pelanggan</li><li>Mencapai target penjualan yang telah ditentukan perusahaan</li><li>Membuat laporan aktivitas penjualan harian</li></ul><h4><strong>Kualifikasi</strong></h4><ul><li>Pendidikan minimal SMA/SMK atau sederajat</li><li>Memiliki kemampuan komunikasi yang baik</li><li>Berpenampilan rapi dan percaya diri</li><li>Berorientasi pada target dan hasil</li><li>Mampu bekerja di lapangan (mobile/canvassing)</li><li>Memiliki kendaraan pribadi dan SIM menjadi nilai tambah</li><li>Pengalaman di bidang sales menjadi nilai tambah</li></ul>","Dalam Negeri",,,"1","50","21","Sales / Account Executive"
"62","Asisten Kepala Produksi","<h4><strong>Tugas &amp; Tanggung Jawab</strong></h4><ul><li>Membantu Direktur/Kepala Produksi dalam menjalankan operasional departemen produksi</li><li>Mengawasi jalannya proses produksi agar sesuai dengan target dan standar kualitas</li><li>Membantu perencanaan jadwal produksi dan memastikan pelaksanaannya berjalan lancar</li><li>Berkoordinasi dengan tim produksi, QC, dan departemen terkait</li><li>Memantau penggunaan bahan baku dan efisiensi produksi</li><li>Membantu menyelesaikan kendala operasional di lapangan</li><li>Menyusun laporan produksi secara berkala</li><li>Memastikan penerapan prosedur K3 (Keselamatan dan Kesehatan Kerja)</li></ul><h4>&nbsp;</h4><h4><strong>Kualifikasi</strong></h4><ul><li>Pendidikan minimal D3/S1 (diutamakan Teknik Industri / Teknik Mesin atau terkait)</li><li>Memiliki pengalaman di bidang produksi/manufaktur menjadi nilai tambah</li><li>Memiliki kemampuan leadership dan koordinasi yang baik</li><li>Mampu bekerja di bawah tekanan dan target produksi</li><li>Teliti, disiplin, dan bertanggung jawab</li><li>Mampu mengoperasikan Microsoft Office</li><li>Memiliki kemampuan komunikasi yang baik</li></ul>","Dalam Negeri","8000000","10000000","1","4","79","Production Operator / Assembly"
"63","HR Supervisor","<h4>Tugas &amp; Tanggung Jawab</h4><ul><li>Melakukan supervisi terhadap seluruh aktivitas dan dinamika di departemen HR</li><li>Mengawasi proses rekrutmen, onboarding, dan pengelolaan karyawan</li><li>Mengelola administrasi HR (absensi, kontrak, payroll, dan data karyawan)</li><li>Memastikan kepatuhan terhadap peraturan ketenagakerjaan yang berlaku</li><li>Mengembangkan dan mengimplementasikan kebijakan serta SOP HR</li><li>Menangani hubungan industrial dan permasalahan karyawan</li><li>Melakukan evaluasi kinerja karyawan dan mendukung program pengembangan SDM</li><li>Menyusun laporan HR secara berkala kepada manajemen</li><li>Berkoordinasi dengan departemen lain terkait kebutuhan SDM</li></ul><h4>&nbsp;</h4><h4><strong>Kualifikasi</strong></h4><ul><li>Pendidikan minimal S1 (diutamakan Psikologi, Manajemen SDM, atau terkait)</li><li>Memiliki pengalaman minimal 2–4 tahun di bidang HR (pengalaman sebagai Supervisor menjadi nilai tambah)</li><li>Memahami proses HR secara menyeluruh (rekrutmen, payroll, hubungan industrial, dll.)</li><li>Memiliki kemampuan leadership dan komunikasi yang baik</li><li>Teliti, tegas, dan mampu mengambil keputusan</li><li>Mampu mengoperasikan Microsoft Office</li><li><strong>Mampu berbahasa Mandarin menjadi nilai tambah</strong></li></ul>","Dalam Negeri","6000000","7000000","1","3","68","Recruiter / Talent Acquisition"
"64","Staff GA","<h4><strong>Tugas &amp; Tanggung Jawab</strong></h4><ul><li>Menangani administrasi dalam departemen GA</li><li>Mengelola data dan dokumen terkait fasilitas serta aset perusahaan</li><li>Mengatur kebutuhan operasional kantor (ATK, perlengkapan, dll.)</li><li>Mendukung pengelolaan fasilitas kantor dan perawatan aset</li><li>Berkoordinasi dengan vendor terkait kebutuhan operasional (kebersihan, keamanan, maintenance, dll.)</li><li>Membantu pengadaan barang dan jasa sesuai kebutuhan perusahaan</li><li>Mengarsipkan dokumen secara rapi dan sistematis</li><li>Menyusun laporan administrasi GA secara berkala</li></ul><h4><strong>Kualifikasi</strong></h4><ul><li>Pendidikan minimal D3/S1 semua jurusan</li><li>Memiliki pengalaman di bidang administrasi/GA menjadi nilai tambah</li><li>Mampu mengoperasikan Microsoft Office (terutama Excel &amp; Word)</li><li>Teliti, rapi, dan memiliki kemampuan administrasi yang baik</li><li>Mampu bekerja secara individu maupun tim</li><li>Memiliki komunikasi dan koordinasi yang baik</li><li>Disiplin, bertanggung jawab, dan memiliki inisiatif tinggi</li></ul>","Dalam Negeri","4000000","5000000","1","1","71","Administrative Staff"
"65","General Affair SPV","<h4><strong>Tugas &amp; Tanggung Jawab</strong></h4><ul><li>Melakukan supervisi terhadap seluruh aktivitas dan dinamika di departemen GA</li><li>Mengelola operasional fasilitas kantor (gedung, kendaraan, utilitas, dan aset perusahaan)</li><li>Mengawasi pengadaan barang dan jasa serta memastikan efisiensi biaya</li><li>Mengelola hubungan dengan vendor (kebersihan, keamanan, maintenance, dll.)</li><li>Memastikan lingkungan kerja aman, nyaman, dan sesuai standar perusahaan</li><li>Mengontrol dan memonitor perawatan aset serta fasilitas perusahaan</li><li>Mengelola administrasi dan inventaris aset perusahaan</li><li>Menyusun dan mengimplementasikan SOP terkait General Affairs</li><li>Mengawasi tim GA dan memastikan pekerjaan berjalan sesuai target</li><li>Menyusun laporan aktivitas GA secara berkala kepada manajemen</li></ul><h4>&nbsp;</h4><h4><strong>Kualifikasi</strong></h4><ul><li>Pendidikan minimal D3/S1 semua jurusan</li><li>Memiliki pengalaman minimal 2–3 tahun di bidang GA (pengalaman sebagai Supervisor menjadi nilai tambah)</li><li>Memiliki kemampuan leadership dan koordinasi yang baik</li><li>Memahami pengelolaan fasilitas, aset, dan vendor management</li><li>Mampu melakukan pengadaan barang/jasa dan negosiasi vendor</li><li>Mampu mengoperasikan Microsoft Office</li><li>Teliti, disiplin, dan bertanggung jawab</li><li>Mampu bekerja di bawah tekanan dan multitasking</li></ul>","Dalam Negeri","6000000","7000000","1","4","67","HR Generalist / Manager"
"66","Akunting Staf","<h4><strong>Tugas &amp; Tanggung Jawab</strong></h4><ul><li>Menangani seluruh aktivitas yang berkaitan dengan keuangan perusahaan</li><li>Mencatat transaksi keuangan (jurnal, buku besar) secara akurat</li><li>Menyusun laporan keuangan (neraca, laba rugi, arus kas)</li><li>Melakukan rekonsiliasi bank secara berkala</li><li>Mengelola administrasi keuangan dan pengarsipan dokumen</li><li>Mengoperasikan software akuntansi (Accurate) untuk pencatatan dan pelaporan</li><li>Menghitung dan melaporkan pajak perusahaan sesuai ketentuan (PPN, PPh, dll.)</li><li>Memastikan seluruh proses keuangan berjalan sesuai standar akuntansi</li><li>Berkoordinasi dengan tim terkait dalam proses pelaporan keuangan</li></ul><h4><strong>Kualifikasi</strong></h4><ul><li>Pendidikan minimal D3/S1 Akuntansi atau bidang terkait</li><li>Memiliki pengalaman di bidang accounting menjadi nilai tambah</li><li>Menguasai penggunaan software Accurate</li><li>Memahami perpajakan (PPN, PPh, dll.)</li><li>Memahami alur pelaporan keuangan dan rekonsiliasi bank</li><li>Teliti, detail, dan memiliki kemampuan analisa yang baik</li><li>Jujur, bertanggung jawab, dan memiliki integritas tinggi</li><li>Mampu bekerja secara individu maupun tim</li></ul>","Dalam Negeri","4000000","5000000","1","2","15","Accounting"
"67","Finance & Accounting Manager (Mandarin Speaker)","<h4><strong>Tugas &amp; Tanggung Jawab</strong></h4><ul><li>Bertanggung jawab atas seluruh aktivitas dan dinamika di departemen Finance &amp; Accounting</li><li>Mengelola dan mengawasi laporan keuangan (neraca, laba rugi, arus kas)</li><li>Mengontrol arus kas (cash flow) dan memastikan kesehatan finansial perusahaan</li><li>Mengawasi proses akuntansi, pembukuan, dan kepatuhan terhadap standar (PSAK)</li><li>Mengelola perpajakan perusahaan (PPN, PPh, dll.) serta memastikan kepatuhan regulasi</li><li>Melakukan analisis keuangan untuk mendukung pengambilan keputusan manajemen</li><li>Berkoordinasi dengan auditor internal dan eksternal</li><li>Mengembangkan sistem, prosedur, dan kontrol internal keuangan</li><li>Memimpin dan mengembangkan tim Finance &amp; Accounting</li><li>Berkomunikasi dengan pihak internal/eksternal menggunakan Bahasa Mandarin terkait kebutuhan bisnis</li></ul><h4>&nbsp;</h4><h4><strong>Kualifikasi</strong></h4><ul><li>Pendidikan minimal S1 Akuntansi / Keuangan / bidang terkait</li><li>Memiliki pengalaman minimal 5 tahun di bidang Finance &amp; Accounting (pengalaman managerial diutamakan)</li><li>Memahami akuntansi, laporan keuangan, dan perpajakan secara menyeluruh</li><li>Memiliki kemampuan leadership dan manajerial yang kuat</li><li>Mampu melakukan analisa keuangan dan pengambilan keputusan strategis</li><li><strong>Mampu berbahasa Mandarin secara aktif (lisan &amp; tulisan)</strong></li><li>Mahir menggunakan software akuntansi dan Microsoft Office</li><li>Teliti, bertanggung jawab, dan memiliki integritas tinggi</li></ul>","Dalam Negeri","15000000","16000000","1","1","16","Finance / Treasury"
"68","Export Import Staff (Mandarin Speaker)","<h4><strong>Tugas &amp; Tanggung Jawab</strong></h4><ul><li>Menangani seluruh proses ekspor dan impor barang</li><li>Mengelola dokumen ekspor-impor (PIB, PEB, invoice, packing list, BL, dll.)</li><li>Berkoordinasi dengan customer, supplier, forwarder, dan pihak terkait</li><li>Memastikan kelengkapan dan keakuratan dokumen sesuai regulasi</li><li>Memantau proses pengiriman (shipment) hingga barang diterima</li><li>Mengurus perizinan dan kepatuhan terhadap regulasi kepabeanan</li><li>Mengelola komunikasi bisnis menggunakan Bahasa Mandarin</li><li>Menyusun laporan aktivitas ekspor-impor secara berkala</li></ul><h4>&nbsp;</h4><h4><strong>Kualifikasi</strong></h4><ul><li>Pendidikan minimal D3/S1 (diutamakan Logistik, Manajemen, atau terkait)</li><li>Memiliki pengalaman di bidang export-import menjadi nilai tambah</li><li>Memahami alur dan dokumen ekspor-impor serta regulasi kepabeanan</li><li><strong>Mampu berbahasa Mandarin secara aktif (lisan &amp; tulisan)</strong></li><li>Memiliki kemampuan komunikasi dan koordinasi yang baik</li><li>Teliti, detail, dan mampu bekerja dengan deadline</li><li>Mampu mengoperasikan Microsoft Office</li></ul>","Dalam Negeri","7000000","8000000","1","2","73","Logistics / Supply Chain Manager"
"69","Penjualan","<h4><strong>Tugas &amp; Tanggung Jawab</strong></h4><p><strong>1. Customer Development &amp; Sales Target</strong></p><ul><li>Mengembangkan pelanggan baru dan mengkonversi prospek menjadi klien</li><li>Mencapai target penjualan (mingguan/bulanan) sesuai dengan target perusahaan</li></ul><p><strong>2. Payment Collection &amp; Account Management</strong></p><ul><li>Melakukan follow-up pembayaran dan memastikan penagihan berjalan tepat waktu</li><li>Memantau status pembayaran serta mengontrol piutang pelanggan</li><li>Mengidentifikasi risiko pembayaran dan berkoordinasi dengan tim finance</li></ul><p><strong>3. Reporting &amp; Monitoring</strong></p><ul><li>Menyusun laporan penjualan secara mingguan</li><li>Memantau progres penjualan, penagihan, dan perkembangan pelanggan</li><li>Memberikan insight pasar serta rencana kerja untuk periode berikutnya</li></ul><h4><strong>Kualifikasi</strong></h4><ul><li>Memiliki kemampuan komunikasi yang sangat baik dan kepribadian ramah</li><li>Mahir menggunakan komputer (Microsoft Office dan tools pendukung)</li><li>Mampu menangani dokumen administrasi penjualan seperti kontrak</li><li>Memiliki ketahanan kerja (resilience) dan berorientasi kuat pada target</li><li>Memiliki pemahaman dasar keuangan, khususnya terkait proses penagihan/piutang</li><li>Mampu memastikan closing penjualan hingga proses pembayaran selesai</li><li>Memiliki kemampuan negosiasi yang baik, termasuk dalam kondisi kompleks</li><li>Mampu menjaga hubungan baik dengan pelanggan dalam jangka panjang</li><li>Disiplin, tegas, dan memiliki integritas tinggi</li></ul>","Dalam Negeri",,,"1","5","21","Sales / Account Executive"
"70","Chinese Translator (Mandarin – Indonesian)","<h4><strong>Tugas &amp; Tanggung Jawab</strong></h4><ul><li>Melakukan penerjemahan lisan dan tulisan antara Bahasa Mandarin dan Bahasa Indonesia</li><li>Menerjemahkan dokumen seperti email, laporan, SOP, dan instruksi kerja</li><li>Menjadi penghubung komunikasi antara tim lokal dan tenaga kerja asing</li><li>Membantu koordinasi pekerjaan melalui penerjemahan yang akurat</li><li>Mendampingi meeting atau aktivitas operasional yang membutuhkan penerjemahan</li><li>Memastikan pesan tersampaikan dengan jelas dan tidak terjadi miskomunikasi</li><li>Menjaga kerahasiaan informasi perusahaan dalam proses penerjemahan</li><li>Membuat laporan atau catatan hasil terjemahan jika diperlukan</li></ul><h4>&nbsp;</h4><h4><strong>Kualifikasi</strong></h4><ul><li>Mampu berbahasa Mandarin dan Bahasa Indonesia secara aktif (lisan &amp; tulisan)</li><li>Memiliki kemampuan komunikasi yang baik dan jelas</li><li>Teliti dan mampu menerjemahkan secara akurat</li><li>Mampu bekerja dalam tim maupun individu</li><li>Bersedia mendukung kegiatan operasional harian</li><li>Pengalaman sebagai translator/interpreter menjadi nilai tambah</li></ul>","Dalam Negeri","8000000","15000000","1","2","35","Translator / Interpreter"
